patch_id,facies
0,parallel
1,wedge
2,channel
3,chaotic
4,parallel
5,wedge
6,channel
7,chaotic
8,parallel
9,wedge
10,channel
11,chaotic
12,parallel
13,wedge
14,channel
15,chaotic
16,parallel
17,wedge
18,channel
19,chaotic
20,parallel
21,wedge
22,channel
23,chaotic
24,parallel
25,wedge
26,channel
27,chaotic
28,parallel
29,wedge
30,channel
31,chaotic
32,parallel
33,wedge
34,channel
35,chaotic
36,parallel
37,wedge
38,channel
39,chaotic
40,parallel
41,wedge
42,channel
43,chaotic
44,parallel
45,wedge
46,channel
47,chaotic
48,parallel
49,wedge
50,channel
51,chaotic
52,parallel
53,wedge
54,channel
55,chaotic
56,parallel
57,wedge
58,channel
59,chaotic
60,parallel
61,wedge
62,channel
63,chaotic
64,parallel
65,wedge
66,channel
67,chaotic
68,parallel
69,wedge
70,channel
71,chaotic
72,parallel
73,wedge
74,channel
75,chaotic
76,parallel
77,wedge
78,channel
79,chaotic
80,parallel
81,wedge
82,channel
83,chaotic
84,parallel
85,wedge
86,channel
87,chaotic
88,parallel
89,wedge
90,channel
91,chaotic
92,parallel
93,wedge
94,channel
95,chaotic
96,parallel
97,wedge
98,channel
99,chaotic
100,parallel
101,wedge
102,channel
103,chaotic
104,parallel
105,wedge
106,channel
107,chaotic
108,parallel
109,wedge
110,channel
111,chaotic
112,parallel
113,wedge
114,channel
115,chaotic
116,parallel
117,wedge
118,channel
119,chaotic
120,parallel
121,wedge
122,channel
123,chaotic
124,parallel
125,wedge
126,channel
127,chaotic
128,parallel
129,wedge
130,channel
131,chaotic
132,parallel
133,wedge
134,channel
135,chaotic
136,parallel
137,wedge
138,channel
139,chaotic
140,parallel
141,wedge
142,channel
143,chaotic
144,parallel
145,wedge
146,channel
147,chaotic
148,parallel
149,wedge
150,channel
151,chaotic
152,parallel
153,wedge
154,channel
155,chaotic
156,parallel
157,wedge
158,channel
159,chaotic
160,parallel
161,wedge
162,channel
163,chaotic
164,parallel
165,wedge
166,channel
167,chaotic
168,parallel
169,wedge
170,channel
171,chaotic
172,parallel
173,wedge
174,channel
175,chaotic
176,parallel
177,wedge
178,channel
179,chaotic
180,parallel
181,wedge
182,channel
183,chaotic
184,parallel
185,wedge
186,channel
187,chaotic
188,parallel
189,wedge
190,channel
191,chaotic
192,parallel
193,wedge
194,channel
195,chaotic
196,parallel
197,wedge
198,channel
199,chaotic
200,parallel
201,wedge
202,channel
203,chaotic
204,parallel
205,wedge
206,channel
207,chaotic
208,parallel
209,wedge
210,channel
211,chaotic
212,parallel
213,wedge
214,channel
215,chaotic
216,parallel
217,wedge
218,channel
219,chaotic
220,parallel
221,wedge
222,channel
223,chaotic
224,parallel
225,wedge
226,channel
227,chaotic
228,parallel
229,wedge
230,channel
231,chaotic
232,parallel
233,wedge
234,channel
235,chaotic
236,parallel
237,wedge
238,channel
239,chaotic
240,parallel
241,wedge
242,channel
243,chaotic
244,parallel
245,wedge
246,channel
247,chaotic
248,parallel
249,wedge
250,channel
251,chaotic
252,parallel
253,wedge
254,channel
255,chaotic
256,parallel
257,wedge
258,channel
259,chaotic
260,parallel
261,wedge
262,channel
263,chaotic
264,parallel
265,wedge
266,channel
267,chaotic
268,parallel
269,wedge
270,channel
271,chaotic
272,parallel
273,wedge
274,channel
275,chaotic
276,parallel
277,wedge
278,channel
279,chaotic
280,parallel
281,wedge
282,channel
283,chaotic
284,parallel
285,wedge
286,channel
287,chaotic
288,parallel
289,wedge
290,channel
291,chaotic
292,parallel
293,wedge
294,channel
295,chaotic
296,parallel
297,wedge
298,channel
299,chaotic
300,parallel
301,wedge
302,channel
303,chaotic
304,parallel
305,wedge
306,channel
307,chaotic
308,parallel
309,wedge
310,channel
311,chaotic
312,parallel
313,wedge
314,channel
315,chaotic
316,parallel
317,wedge
318,channel
319,chaotic
320,parallel
321,wedge
322,channel
323,chaotic
324,parallel
325,wedge
326,channel
327,chaotic
328,parallel
329,wedge
330,channel
331,chaotic
332,parallel
333,wedge
334,channel
335,chaotic
336,parallel
337,wedge
338,channel
339,chaotic
340,parallel
341,wedge
342,channel
343,chaotic
344,parallel
345,wedge
346,channel
347,chaotic
348,parallel
349,wedge
350,channel
351,chaotic
352,parallel
353,wedge
354,channel
355,chaotic
356,parallel
357,wedge
358,channel
359,chaotic
360,parallel
361,wedge
362,channel
363,chaotic
364,parallel
365,wedge
366,channel
367,chaotic
368,parallel
369,wedge
370,channel
371,chaotic
372,parallel
373,wedge
374,channel
375,chaotic
376,parallel
377,wedge
378,channel
379,chaotic
380,parallel
381,wedge
382,channel
383,chaotic
384,parallel
385,wedge
386,channel
387,chaotic
388,parallel
389,wedge
390,channel
391,chaotic
392,parallel
393,wedge
394,channel
395,chaotic
396,parallel
397,wedge
398,channel
399,chaotic
400,parallel
401,wedge
402,channel
403,chaotic
404,parallel
405,wedge
406,channel
407,chaotic
408,parallel
409,wedge
410,channel
411,chaotic
412,parallel
413,wedge
414,channel
415,chaotic
416,parallel
417,wedge
418,channel
419,chaotic
420,parallel
421,wedge
422,channel
423,chaotic
424,parallel
425,wedge
426,channel
427,chaotic
428,parallel
429,wedge
430,channel
431,chaotic
432,parallel
433,wedge
434,channel
435,chaotic
436,parallel
437,wedge
438,channel
439,chaotic
440,parallel
441,wedge
442,channel
443,chaotic
444,parallel
445,wedge
446,channel
447,chaotic
448,parallel
449,wedge
450,channel
451,chaotic
452,parallel
453,wedge
454,channel
455,chaotic
456,parallel
457,wedge
458,channel
459,chaotic
460,parallel
461,wedge
462,channel
463,chaotic
464,parallel
465,wedge
466,channel
467,chaotic
468,parallel
469,wedge
470,channel
471,chaotic
472,parallel
473,wedge
474,channel
475,chaotic
476,parallel
477,wedge
478,channel
479,chaotic
480,parallel
481,wedge
482,channel
483,chaotic
484,parallel
485,wedge
486,channel
487,chaotic
488,parallel
489,wedge
490,channel
491,chaotic
492,parallel
493,wedge
494,channel
495,chaotic
496,parallel
497,wedge
498,channel
499,chaotic
500,parallel
501,wedge
502,channel
503,chaotic
504,parallel
505,wedge
506,channel
507,chaotic
508,parallel
509,wedge
510,channel
511,chaotic
512,parallel
513,wedge
514,channel
515,chaotic
516,parallel
517,wedge
518,channel
519,chaotic
520,parallel
521,wedge
522,channel
523,chaotic
524,parallel
525,wedge
526,channel
527,chaotic
528,parallel
529,wedge
530,channel
531,chaotic
532,parallel
533,wedge
534,channel
535,chaotic
536,parallel
537,wedge
538,channel
539,chaotic
540,parallel
541,wedge
542,channel
543,chaotic
544,parallel
545,wedge
546,channel
547,chaotic
548,parallel
549,wedge
550,channel
551,chaotic
552,parallel
553,wedge
554,channel
555,chaotic
556,parallel
557,wedge
558,channel
559,chaotic
560,parallel
561,wedge
562,channel
563,chaotic
564,parallel
565,wedge
566,channel
567,chaotic
568,parallel
569,wedge
570,channel
571,chaotic
572,parallel
573,wedge
574,channel
575,chaotic
576,parallel
577,wedge
578,channel
579,chaotic
580,parallel
581,wedge
582,channel
583,chaotic
584,parallel
585,wedge
586,channel
587,chaotic
588,parallel
589,wedge
590,channel
591,chaotic
592,parallel
593,wedge
594,channel
595,chaotic
596,parallel
597,wedge
598,channel
599,chaotic
600,parallel
601,wedge
602,channel
603,chaotic
604,parallel
605,wedge
606,channel
607,chaotic
608,parallel
609,wedge
610,channel
611,chaotic
612,parallel
613,wedge
614,channel
615,chaotic
616,parallel
617,wedge
618,channel
619,chaotic
620,parallel
621,wedge
622,channel
623,chaotic
624,parallel
625,wedge
626,channel
627,chaotic
628,parallel
629,wedge
630,channel
631,chaotic
632,parallel
633,wedge
634,channel
635,chaotic
636,parallel
637,wedge
638,channel
639,chaotic
640,parallel
641,wedge
642,channel
643,chaotic
644,parallel
645,wedge
646,channel
647,chaotic
648,parallel
649,wedge
650,channel
651,chaotic
652,parallel
653,wedge
654,channel
655,chaotic
656,parallel
657,wedge
658,channel
659,chaotic
660,parallel
661,wedge
662,channel
663,chaotic
664,parallel
665,wedge
666,channel
667,chaotic
668,parallel
669,wedge
670,channel
671,chaotic
672,parallel
673,wedge
674,channel
675,chaotic
676,parallel
677,wedge
678,channel
679,chaotic
680,parallel
681,wedge
682,channel
683,chaotic
684,parallel
685,wedge
686,channel
687,chaotic
688,parallel
689,wedge
690,channel
691,chaotic
692,parallel
693,wedge
694,channel
695,chaotic
696,parallel
697,wedge
698,channel
699,chaotic
700,parallel
701,wedge
702,channel
703,chaotic
704,parallel
705,wedge
706,channel
707,chaotic
708,parallel
709,wedge
710,channel
711,chaotic
712,parallel
713,wedge
714,channel
715,chaotic
716,parallel
717,wedge
718,channel
719,chaotic
720,parallel
721,wedge
722,channel
723,chaotic
724,parallel
725,wedge
726,channel
727,chaotic
728,parallel
729,wedge
730,channel
731,chaotic
732,parallel
733,wedge
734,channel
735,chaotic
736,parallel
737,wedge
738,channel
739,chaotic
740,parallel
741,wedge
742,channel
743,chaotic
744,parallel
745,wedge
746,channel
747,chaotic
748,parallel
749,wedge
750,channel
751,chaotic
752,parallel
753,wedge
754,channel
755,chaotic
756,parallel
757,wedge
758,channel
759,chaotic
760,parallel
761,wedge
762,channel
763,chaotic
764,parallel
765,wedge
766,channel
767,chaotic
768,parallel
769,wedge
770,channel
771,chaotic
772,parallel
773,wedge
774,channel
775,chaotic
776,parallel
777,wedge
778,channel
779,chaotic
780,parallel
781,wedge
782,channel
783,chaotic
784,parallel
785,wedge
786,channel
787,chaotic
788,parallel
789,wedge
790,channel
791,chaotic
792,parallel
793,wedge
794,channel
795,chaotic
796,parallel
797,wedge
798,channel
799,chaotic
800,parallel
801,wedge
802,channel
803,chaotic
804,parallel
805,wedge
806,channel
807,chaotic
808,parallel
809,wedge
810,channel
811,chaotic
812,parallel
813,wedge
814,channel
815,chaotic
816,parallel
817,wedge
818,channel
819,chaotic
820,parallel
821,wedge
822,channel
823,chaotic
824,parallel
825,wedge
826,channel
827,chaotic
828,parallel
829,wedge
830,channel
831,chaotic
832,parallel
833,wedge
834,channel
835,chaotic
836,parallel
837,wedge
838,channel
839,chaotic
840,parallel
841,wedge
842,channel
843,chaotic
844,parallel
845,wedge
846,channel
847,chaotic
848,parallel
849,wedge
850,channel
851,chaotic
852,parallel
853,wedge
854,channel
855,chaotic
856,parallel
857,wedge
858,channel
859,chaotic
860,parallel
861,wedge
862,channel
863,chaotic
864,parallel
865,wedge
866,channel
867,chaotic
868,parallel
869,wedge
870,channel
871,chaotic
872,parallel
873,wedge
874,channel
875,chaotic
876,parallel
877,wedge
878,channel
879,chaotic
880,parallel
881,wedge
882,channel
883,chaotic
884,parallel
885,wedge
886,channel
887,chaotic
888,parallel
889,wedge
890,channel
891,chaotic
892,parallel
893,wedge
894,channel
895,chaotic
896,parallel
897,wedge
898,channel
899,chaotic
900,parallel
901,wedge
902,channel
903,chaotic
904,parallel
905,wedge
906,channel
907,chaotic
908,parallel
909,wedge
910,channel
911,chaotic
912,parallel
913,wedge
914,channel
915,chaotic
916,parallel
917,wedge
918,channel
919,chaotic
920,parallel
921,wedge
922,channel
923,chaotic
924,parallel
925,wedge
926,channel
927,chaotic
928,parallel
929,wedge
930,channel
931,chaotic
932,parallel
933,wedge
934,channel
935,chaotic
936,parallel
937,wedge
938,channel
939,chaotic
940,parallel
941,wedge
942,channel
943,chaotic
944,parallel
945,wedge
946,channel
947,chaotic
948,parallel
949,wedge
950,channel
951,chaotic
952,parallel
953,wedge
954,channel
955,chaotic
956,parallel
957,wedge
958,channel
959,chaotic
960,parallel
961,wedge
962,channel
963,chaotic
964,parallel
965,wedge
966,channel
967,chaotic
968,parallel
969,wedge
970,channel
971,chaotic
972,parallel
973,wedge
974,channel
975,chaotic
976,parallel
977,wedge
978,channel
979,chaotic
980,parallel
981,wedge
982,channel
983,chaotic
984,parallel
985,wedge
986,channel
987,chaotic
988,parallel
989,wedge
990,channel
991,chaotic
992,parallel
993,wedge
994,channel
995,chaotic
996,parallel
997,wedge
998,channel
999,chaotic
1000,parallel
1001,wedge
1002,channel
1003,chaotic
1004,parallel
1005,wedge
1006,channel
1007,chaotic
1008,parallel
1009,wedge
1010,channel
1011,chaotic
1012,parallel
1013,wedge
1014,channel
1015,chaotic
1016,parallel
1017,wedge
1018,channel
1019,chaotic
1020,parallel
1021,wedge
1022,channel
1023,chaotic
1024,parallel
1025,wedge
1026,channel
1027,chaotic
1028,parallel
1029,wedge
1030,channel
1031,chaotic
1032,parallel
1033,wedge
1034,channel
1035,chaotic
1036,parallel
1037,wedge
1038,channel
1039,chaotic
1040,parallel
1041,wedge
1042,channel
1043,chaotic
1044,parallel
1045,wedge
1046,channel
1047,chaotic
1048,parallel
1049,wedge
1050,channel
1051,chaotic
1052,parallel
1053,wedge
1054,channel
1055,chaotic
1056,parallel
1057,wedge
1058,channel
1059,chaotic
1060,parallel
1061,wedge
1062,channel
1063,chaotic
1064,parallel
1065,wedge
1066,channel
1067,chaotic
1068,parallel
1069,wedge
1070,channel
1071,chaotic
1072,parallel
1073,wedge
1074,channel
1075,chaotic
1076,parallel
1077,wedge
1078,channel
1079,chaotic
1080,parallel
1081,wedge
1082,channel
1083,chaotic
1084,parallel
1085,wedge
1086,channel
1087,chaotic
1088,parallel
1089,wedge
1090,channel
1091,chaotic
1092,parallel
1093,wedge
1094,channel
1095,chaotic
1096,parallel
1097,wedge
1098,channel
1099,chaotic
1100,parallel
1101,wedge
1102,channel
1103,chaotic
1104,parallel
1105,wedge
1106,channel
1107,chaotic
1108,parallel
1109,wedge
1110,channel
1111,chaotic
1112,parallel
1113,wedge
1114,channel
1115,chaotic
1116,parallel
1117,wedge
1118,channel
1119,chaotic
1120,parallel
1121,wedge
1122,channel
1123,chaotic
1124,parallel
1125,wedge
1126,channel
1127,chaotic
1128,parallel
1129,wedge
1130,channel
1131,chaotic
1132,parallel
1133,wedge
1134,channel
1135,chaotic
1136,parallel
1137,wedge
1138,channel
1139,chaotic
1140,parallel
1141,wedge
1142,channel
1143,chaotic
1144,parallel
1145,wedge
1146,channel
1147,chaotic
1148,parallel
1149,wedge
1150,channel
1151,chaotic
1152,parallel
1153,wedge
1154,channel
1155,chaotic
1156,parallel
1157,wedge
1158,channel
1159,chaotic
1160,parallel
1161,wedge
1162,channel
1163,chaotic
1164,parallel
1165,wedge
1166,channel
1167,chaotic
1168,parallel
1169,wedge
1170,channel
1171,chaotic
1172,parallel
1173,wedge
1174,channel
1175,chaotic
1176,parallel
1177,wedge
1178,channel
1179,chaotic
1180,parallel
1181,wedge
1182,channel
1183,chaotic
1184,parallel
1185,wedge
1186,channel
1187,chaotic
1188,parallel
1189,wedge
1190,channel
1191,chaotic
1192,parallel
1193,wedge
1194,channel
1195,chaotic
1196,parallel
1197,wedge
1198,channel
1199,chaotic
1200,parallel
1201,wedge
1202,channel
1203,chaotic
1204,parallel
1205,wedge
1206,channel
1207,chaotic
1208,parallel
1209,wedge
1210,channel
1211,chaotic
1212,parallel
1213,wedge
1214,channel
1215,chaotic
1216,parallel
1217,wedge
1218,channel
1219,chaotic
1220,parallel
1221,wedge
1222,channel
1223,chaotic
1224,parallel
1225,wedge
1226,channel
1227,chaotic
1228,parallel
1229,wedge
1230,channel
1231,chaotic
1232,parallel
1233,wedge
1234,channel
1235,chaotic
1236,parallel
1237,wedge
1238,channel
1239,chaotic
1240,parallel
1241,wedge
1242,channel
1243,chaotic
1244,parallel
1245,wedge
1246,channel
1247,chaotic
1248,parallel
1249,wedge
1250,channel
1251,chaotic
1252,parallel
1253,wedge
1254,channel
1255,chaotic
1256,parallel
1257,wedge
1258,channel
1259,chaotic
1260,parallel
1261,wedge
1262,channel
1263,chaotic
1264,parallel
1265,wedge
1266,channel
1267,chaotic
1268,parallel
1269,wedge
1270,channel
1271,chaotic
1272,parallel
1273,wedge
1274,channel
1275,chaotic
1276,parallel
1277,wedge
1278,channel
1279,chaotic
1280,parallel
1281,wedge
1282,channel
1283,chaotic
1284,parallel
1285,wedge
1286,channel
1287,chaotic
1288,parallel
1289,wedge
1290,channel
1291,chaotic
1292,parallel
1293,wedge
1294,channel
1295,chaotic
1296,parallel
1297,wedge
1298,channel
1299,chaotic
1300,parallel
1301,wedge
1302,channel
1303,chaotic
1304,parallel
1305,wedge
1306,channel
1307,chaotic
1308,parallel
1309,wedge
1310,channel
1311,chaotic
1312,parallel
1313,wedge
1314,channel
1315,chaotic
1316,parallel
1317,wedge
1318,channel
1319,chaotic
1320,parallel
1321,wedge
1322,channel
1323,chaotic
1324,parallel
1325,wedge
1326,channel
1327,chaotic
1328,parallel
1329,wedge
1330,channel
1331,chaotic
1332,parallel
1333,wedge
1334,channel
1335,chaotic
1336,parallel
1337,wedge
1338,channel
1339,chaotic
1340,parallel
1341,wedge
1342,channel
1343,chaotic
1344,parallel
1345,wedge
1346,channel
1347,chaotic
1348,parallel
1349,wedge
1350,channel
1351,chaotic
1352,parallel
1353,wedge
1354,channel
1355,chaotic
1356,parallel
1357,wedge
1358,channel
1359,chaotic
1360,parallel
1361,wedge
1362,channel
1363,chaotic
1364,parallel
1365,wedge
1366,channel
1367,chaotic
1368,parallel
1369,wedge
1370,channel
1371,chaotic
1372,parallel
1373,wedge
1374,channel
1375,chaotic
1376,parallel
1377,wedge
1378,channel
1379,chaotic
1380,parallel
1381,wedge
1382,channel
1383,chaotic
1384,parallel
1385,wedge
1386,channel
1387,chaotic
1388,parallel
1389,wedge
1390,channel
1391,chaotic
1392,parallel
1393,wedge
1394,channel
1395,chaotic
1396,parallel
1397,wedge
1398,channel
1399,chaotic
1400,parallel
1401,wedge
1402,channel
1403,chaotic
1404,parallel
1405,wedge
1406,channel
1407,chaotic
1408,parallel
1409,wedge
1410,channel
1411,chaotic
1412,parallel
1413,wedge
1414,channel
1415,chaotic
1416,parallel
1417,wedge
1418,channel
1419,chaotic
1420,parallel
1421,wedge
1422,channel
1423,chaotic
1424,parallel
1425,wedge
1426,channel
1427,chaotic
1428,parallel
1429,wedge
1430,channel
1431,chaotic
1432,parallel
1433,wedge
1434,channel
1435,chaotic
1436,parallel
1437,wedge
1438,channel
1439,chaotic
1440,parallel
1441,wedge
1442,channel
1443,chaotic
1444,parallel
1445,wedge
1446,channel
1447,chaotic
1448,parallel
1449,wedge
1450,channel
1451,chaotic
1452,parallel
1453,wedge
1454,channel
1455,chaotic
1456,parallel
1457,wedge
1458,channel
1459,chaotic
1460,parallel
1461,wedge
1462,channel
1463,chaotic
1464,parallel
1465,wedge
1466,channel
1467,chaotic
1468,parallel
1469,wedge
1470,channel
1471,chaotic
1472,parallel
1473,wedge
1474,channel
1475,chaotic
1476,parallel
1477,wedge
1478,channel
1479,chaotic
1480,parallel
1481,wedge
1482,channel
1483,chaotic
1484,parallel
1485,wedge
1486,channel
1487,chaotic
1488,parallel
1489,wedge
1490,channel
1491,chaotic
1492,parallel
1493,wedge
1494,channel
1495,chaotic
1496,parallel
1497,wedge
1498,channel
1499,chaotic
1500,parallel
1501,wedge
1502,channel
1503,chaotic
1504,parallel
1505,wedge
1506,channel
1507,chaotic
1508,parallel
1509,wedge
1510,channel
1511,chaotic
1512,parallel
1513,wedge
1514,channel
1515,chaotic
1516,parallel
1517,wedge
1518,channel
1519,chaotic
1520,parallel
1521,wedge
1522,channel
1523,chaotic
1524,parallel
1525,wedge
1526,channel
1527,chaotic
1528,parallel
1529,wedge
1530,channel
1531,chaotic
1532,parallel
1533,wedge
1534,channel
1535,chaotic
1536,parallel
1537,wedge
1538,channel
1539,chaotic
1540,parallel
1541,wedge
1542,channel
1543,chaotic
1544,parallel
1545,wedge
1546,channel
1547,chaotic
1548,parallel
1549,wedge
1550,channel
1551,chaotic
1552,parallel
1553,wedge
1554,channel
1555,chaotic
1556,parallel
1557,wedge
1558,channel
1559,chaotic
1560,parallel
1561,wedge
1562,channel
1563,chaotic
1564,parallel
1565,wedge
1566,channel
1567,chaotic
1568,parallel
1569,wedge
1570,channel
1571,chaotic
1572,parallel
1573,wedge
1574,channel
1575,chaotic
1576,parallel
1577,wedge
1578,channel
1579,chaotic
1580,parallel
1581,wedge
1582,channel
1583,chaotic
1584,parallel
1585,wedge
1586,channel
1587,chaotic
1588,parallel
1589,wedge
1590,channel
1591,chaotic
1592,parallel
1593,wedge
1594,channel
1595,chaotic
1596,parallel
1597,wedge
1598,channel
1599,chaotic
1600,parallel
1601,wedge
1602,channel
1603,chaotic
1604,parallel
1605,wedge
1606,channel
1607,chaotic
1608,parallel
1609,wedge
1610,channel
1611,chaotic
1612,parallel
1613,wedge
1614,channel
1615,chaotic
1616,parallel
1617,wedge
1618,channel
1619,chaotic
1620,parallel
1621,wedge
1622,channel
1623,chaotic
1624,parallel
1625,wedge
1626,channel
1627,chaotic
1628,parallel
1629,wedge
1630,channel
1631,chaotic
1632,parallel
1633,wedge
1634,channel
1635,chaotic
1636,parallel
1637,wedge
1638,channel
1639,chaotic
1640,parallel
1641,wedge
1642,channel
1643,chaotic
1644,parallel
1645,wedge
1646,channel
1647,chaotic
1648,parallel
1649,wedge
1650,channel
1651,chaotic
1652,parallel
1653,wedge
1654,channel
1655,chaotic
1656,parallel
1657,wedge
1658,channel
1659,chaotic
1660,parallel
1661,wedge
1662,channel
1663,chaotic
1664,parallel
1665,wedge
1666,channel
1667,chaotic
1668,parallel
1669,wedge
1670,channel
1671,chaotic
1672,parallel
1673,wedge
1674,channel
1675,chaotic
1676,parallel
1677,wedge
1678,channel
1679,chaotic
1680,parallel
1681,wedge
1682,channel
1683,chaotic
1684,parallel
1685,wedge
1686,channel
1687,chaotic
1688,parallel
1689,wedge
1690,channel
1691,chaotic
1692,parallel
1693,wedge
1694,channel
1695,chaotic
1696,parallel
1697,wedge
1698,channel
1699,chaotic
1700,parallel
1701,wedge
1702,channel
1703,chaotic
1704,parallel
1705,wedge
1706,channel
1707,chaotic
1708,parallel
1709,wedge
1710,channel
1711,chaotic
1712,parallel
1713,wedge
1714,channel
1715,chaotic
1716,parallel
1717,wedge
1718,channel
1719,chaotic
1720,parallel
1721,wedge
1722,channel
1723,chaotic
1724,parallel
1725,wedge
1726,channel
1727,chaotic
1728,parallel
1729,wedge
1730,channel
1731,chaotic
1732,parallel
1733,wedge
1734,channel
1735,chaotic
1736,parallel
1737,wedge
1738,channel
1739,chaotic
1740,parallel
1741,wedge
1742,channel
1743,chaotic
1744,parallel
1745,wedge
1746,channel
1747,chaotic
1748,parallel
1749,wedge
1750,channel
1751,chaotic
1752,parallel
1753,wedge
1754,channel
1755,chaotic
1756,parallel
1757,wedge
1758,channel
1759,chaotic
1760,parallel
1761,wedge
1762,channel
1763,chaotic
1764,parallel
1765,wedge
1766,channel
1767,chaotic
1768,parallel
1769,wedge
1770,channel
1771,chaotic
1772,parallel
1773,wedge
1774,channel
1775,chaotic
1776,parallel
1777,wedge
1778,channel
1779,chaotic
1780,parallel
1781,wedge
1782,channel
1783,chaotic
1784,parallel
1785,wedge
1786,channel
1787,chaotic
1788,parallel
1789,wedge
1790,channel
1791,chaotic
1792,parallel
1793,wedge
1794,channel
1795,chaotic
1796,parallel
1797,wedge
1798,channel
1799,chaotic
1800,parallel
1801,wedge
1802,channel
1803,chaotic
1804,parallel
1805,wedge
1806,channel
1807,chaotic
1808,parallel
1809,wedge
1810,channel
1811,chaotic
1812,parallel
1813,wedge
1814,channel
1815,chaotic
1816,parallel
1817,wedge
1818,channel
1819,chaotic
1820,parallel
1821,wedge
1822,channel
1823,chaotic
1824,parallel
1825,wedge
1826,channel
1827,chaotic
1828,parallel
1829,wedge
1830,channel
1831,chaotic
1832,parallel
1833,wedge
1834,channel
1835,chaotic
1836,parallel
1837,wedge
1838,channel
1839,chaotic
1840,parallel
1841,wedge
1842,channel
1843,chaotic
1844,parallel
1845,wedge
1846,channel
1847,chaotic
1848,parallel
1849,wedge
1850,channel
1851,chaotic
1852,parallel
1853,wedge
1854,channel
1855,chaotic
1856,parallel
1857,wedge
1858,channel
1859,chaotic
1860,parallel
1861,wedge
1862,channel
1863,chaotic
1864,parallel
1865,wedge
1866,channel
1867,chaotic
1868,parallel
1869,wedge
1870,channel
1871,chaotic
1872,parallel
1873,wedge
1874,channel
1875,chaotic
1876,parallel
1877,wedge
1878,channel
1879,chaotic
1880,parallel
1881,wedge
1882,channel
1883,chaotic
1884,parallel
1885,wedge
1886,channel
1887,chaotic
1888,parallel
1889,wedge
1890,channel
1891,chaotic
1892,parallel
1893,wedge
1894,channel
1895,chaotic
1896,parallel
1897,wedge
1898,channel
1899,chaotic
1900,parallel
1901,wedge
1902,channel
1903,chaotic
1904,parallel
1905,wedge
1906,channel
1907,chaotic
1908,parallel
1909,wedge
1910,channel
1911,chaotic
1912,parallel
1913,wedge
1914,channel
1915,chaotic
1916,parallel
1917,wedge
1918,channel
1919,chaotic
1920,parallel
1921,wedge
1922,channel
1923,chaotic
1924,parallel
1925,wedge
1926,channel
1927,chaotic
1928,parallel
1929,wedge
1930,channel
1931,chaotic
1932,parallel
1933,wedge
1934,channel
1935,chaotic
1936,parallel
1937,wedge
1938,channel
1939,chaotic
1940,parallel
1941,wedge
1942,channel
1943,chaotic
1944,parallel
1945,wedge
1946,channel
1947,chaotic
1948,parallel
1949,wedge
1950,channel
1951,chaotic
1952,parallel
1953,wedge
1954,channel
1955,chaotic
1956,parallel
1957,wedge
1958,channel
1959,chaotic
1960,parallel
1961,wedge
1962,channel
1963,chaotic
1964,parallel
1965,wedge
1966,channel
1967,chaotic
1968,parallel
1969,wedge
1970,channel
1971,chaotic
1972,parallel
1973,wedge
1974,channel
1975,chaotic
1976,parallel
1977,wedge
1978,channel
1979,chaotic
1980,parallel
1981,wedge
1982,channel
1983,chaotic
1984,parallel
1985,wedge
1986,channel
1987,chaotic
1988,parallel
1989,wedge
1990,channel
1991,chaotic
1992,parallel
1993,wedge
1994,channel
1995,chaotic
1996,parallel
1997,wedge
1998,channel
1999,chaotic
2000,parallel
2001,wedge
2002,channel
2003,chaotic
2004,parallel
2005,wedge
2006,channel
2007,chaotic
2008,parallel
2009,wedge
2010,channel
2011,chaotic
2012,parallel
2013,wedge
2014,channel
2015,chaotic
2016,parallel
2017,wedge
2018,channel
2019,chaotic
2020,parallel
2021,wedge
2022,channel
2023,chaotic
2024,parallel
2025,wedge
2026,channel
2027,chaotic
2028,parallel
2029,wedge
2030,channel
2031,chaotic
2032,parallel
2033,wedge
2034,channel
2035,chaotic
2036,parallel
2037,wedge
2038,channel
2039,chaotic
2040,parallel
2041,wedge
2042,channel
2043,chaotic
2044,parallel
2045,wedge
2046,channel
2047,chaotic
2048,parallel
2049,wedge
2050,channel
2051,chaotic
2052,parallel
2053,wedge
2054,channel
2055,chaotic
2056,parallel
2057,wedge
2058,channel
2059,chaotic
2060,parallel
2061,wedge
2062,channel
2063,chaotic
2064,parallel
2065,wedge
2066,channel
2067,chaotic
2068,parallel
2069,wedge
2070,channel
2071,chaotic
2072,parallel
2073,wedge
2074,channel
2075,chaotic
2076,parallel
2077,wedge
2078,channel
2079,chaotic
2080,parallel
2081,wedge
2082,channel
2083,chaotic
2084,parallel
2085,wedge
2086,channel
2087,chaotic
2088,parallel
2089,wedge
2090,channel
2091,chaotic
2092,parallel
2093,wedge
2094,channel
2095,chaotic
2096,parallel
2097,wedge
2098,channel
2099,chaotic
2100,parallel
2101,wedge
2102,channel
2103,chaotic
2104,parallel
2105,wedge
2106,channel
2107,chaotic
2108,parallel
2109,wedge
2110,channel
2111,chaotic
2112,parallel
2113,wedge
2114,channel
2115,chaotic
2116,parallel
2117,wedge
2118,channel
2119,chaotic
2120,parallel
2121,wedge
2122,channel
2123,chaotic
2124,parallel
2125,wedge
2126,channel
2127,chaotic
2128,parallel
2129,wedge
2130,channel
2131,chaotic
2132,parallel
2133,wedge
2134,channel
2135,chaotic
2136,parallel
2137,wedge
2138,channel
2139,chaotic
2140,parallel
2141,wedge
2142,channel
2143,chaotic
2144,parallel
2145,wedge
2146,channel
2147,chaotic
2148,parallel
2149,wedge
2150,channel
2151,chaotic
2152,parallel
2153,wedge
2154,channel
2155,chaotic
2156,parallel
2157,wedge
2158,channel
2159,chaotic
2160,parallel
2161,wedge
2162,channel
2163,chaotic
2164,parallel
2165,wedge
2166,channel
2167,chaotic
2168,parallel
2169,wedge
2170,channel
2171,chaotic
2172,parallel
2173,wedge
2174,channel
2175,chaotic
2176,parallel
2177,wedge
2178,channel
2179,chaotic
2180,parallel
2181,wedge
2182,channel
2183,chaotic
2184,parallel
2185,wedge
2186,channel
2187,chaotic
2188,parallel
2189,wedge
2190,channel
2191,chaotic
2192,parallel
2193,wedge
2194,channel
2195,chaotic
2196,parallel
2197,wedge
2198,channel
2199,chaotic
2200,parallel
2201,wedge
2202,channel
2203,chaotic
2204,parallel
2205,wedge
2206,channel
2207,chaotic
2208,parallel
2209,wedge
2210,channel
2211,chaotic
2212,parallel
2213,wedge
2214,channel
2215,chaotic
2216,parallel
2217,wedge
2218,channel
2219,chaotic
2220,parallel
2221,wedge
2222,channel
2223,chaotic
2224,parallel
2225,wedge
2226,channel
2227,chaotic
2228,parallel
2229,wedge
2230,channel
2231,chaotic
2232,parallel
2233,wedge
2234,channel
2235,chaotic
2236,parallel
2237,wedge
2238,channel
2239,chaotic
2240,parallel
2241,wedge
2242,channel
2243,chaotic
2244,parallel
2245,wedge
2246,channel
2247,chaotic
2248,parallel
2249,wedge
2250,channel
2251,chaotic
2252,parallel
2253,wedge
2254,channel
2255,chaotic
2256,parallel
2257,wedge
2258,channel
2259,chaotic
2260,parallel
2261,wedge
2262,channel
2263,chaotic
2264,parallel
2265,wedge
2266,channel
2267,chaotic
2268,parallel
2269,wedge
2270,channel
2271,chaotic
2272,parallel
2273,wedge
2274,channel
2275,chaotic
2276,parallel
2277,wedge
2278,channel
2279,chaotic
2280,parallel
2281,wedge
2282,channel
2283,chaotic
2284,parallel
2285,wedge
2286,channel
2287,chaotic
2288,parallel
2289,wedge
2290,channel
2291,chaotic
2292,parallel
2293,wedge
2294,channel
2295,chaotic
2296,parallel
2297,wedge
2298,channel
2299,chaotic
2300,parallel
2301,wedge
2302,channel
2303,chaotic
2304,parallel
2305,wedge
2306,channel
2307,chaotic
2308,parallel
2309,wedge
2310,channel
2311,chaotic
2312,parallel
2313,wedge
2314,channel
2315,chaotic
2316,parallel
2317,wedge
2318,channel
2319,chaotic
2320,parallel
2321,wedge
2322,channel
2323,chaotic
2324,parallel
2325,wedge
2326,channel
2327,chaotic
2328,parallel
2329,wedge
2330,channel
2331,chaotic
2332,parallel
2333,wedge
2334,channel
2335,chaotic
2336,parallel
2337,wedge
2338,channel
2339,chaotic
2340,parallel
2341,wedge
2342,channel
2343,chaotic
2344,parallel
2345,wedge
2346,channel
2347,chaotic
2348,parallel
2349,wedge
2350,channel
2351,chaotic
2352,parallel
2353,wedge
2354,channel
2355,chaotic
2356,parallel
2357,wedge
2358,channel
2359,chaotic
2360,parallel
2361,wedge
2362,channel
2363,chaotic
2364,parallel
2365,wedge
2366,channel
2367,chaotic
2368,parallel
2369,wedge
2370,channel
2371,chaotic
2372,parallel
2373,wedge
2374,channel
2375,chaotic
2376,parallel
2377,wedge
2378,channel
2379,chaotic
2380,parallel
2381,wedge
2382,channel
2383,chaotic
2384,parallel
2385,wedge
2386,channel
2387,chaotic
2388,parallel
2389,wedge
2390,channel
2391,chaotic
2392,parallel
2393,wedge
2394,channel
2395,chaotic
2396,parallel
2397,wedge
2398,channel
2399,chaotic
